batter,total_runs,average_runs,balls_faced,total_wickets,strike_rate
A Ashish Reddy,280,1.4285714285714286,196,15,142.85714285714286
A Badoni,634,1.2554455445544555,505,26,125.54455445544555
A Chandila,4,0.5714285714285714,7,1,57.14285714285714
A Chopra,53,0.7066666666666667,75,5,70.66666666666667
A Choudhary,25,1.25,20,2,125
A Dananjaya,4,0.8,5,0,80
A Flintoff,62,1.087719298245614,57,2,108.77192982456141
A Kamboj,2,1,2,0,100
A Kumble,35,0.7142857142857143,49,2,71.42857142857143
A Manohar,231,1.276243093922652,181,14,127.62430939226519
A Mishra,381,0.865909090909091,440,31,86.5909090909091
A Mithun,34,1.3076923076923077,26,5,130.76923076923077
A Mukund,19,0.8260869565217391,23,2,82.6086956521739
A Nehra,41,0.6507936507936508,63,8,65.07936507936508
A Nortje,49,0.9607843137254902,51,5,96.07843137254902
A Raghuvanshi,163,1.4954128440366972,109,7,149.54128440366972
A Singh,2,0.2,10,4,20
A Symonds,974,1.2471190781049937,781,26,124.71190781049937
A Tomar,4,0.5,8,1,50
A Uniyal,4,0.5714285714285714,7,1,57.14285714285714
A Zampa,15,0.6,25,5,60
AA Bilakhia,69,0.7840909090909091,88,5,78.4090909090909
AA Chavan,12,1.0909090909090908,11,1,109.09090909090908
AA Jhunjhunwala,217,0.9954128440366973,218,14,99.54128440366972
AA Kulkarni,9,1.125,8,2,112.5
AA Noffke,9,0.75,12,1,75
AB Agarkar,179,1.11875,160,8,111.87499999999999
AB Barath,42,0.9767441860465116,43,2,97.67441860465115
AB Dinda,26,0.52,50,9,52
AB McDonald,123,1.1941747572815533,103,5,119.41747572815532
AB de Villiers,5181,1.4858044164037856,3487,125,148.58044164037855
AC Blizzard,120,1.3186813186813187,91,7,131.86813186813185
AC Gilchrist,2069,1.3305466237942123,1555,76,133.05466237942122
AC Thomas,20,1.0526315789473684,19,2,105.26315789473684
AC Voges,181,1.2657342657342658,143,6,126.57342657342659
AD Hales,148,1.2436974789915967,119,6,124.36974789915966
AD Mascarenhas,79,1,79,10,100
AD Mathews,724,1.2086811352253757,599,31,120.86811352253757
AD Nath,90,0.9090909090909091,99,10,90.9090909090909
AD Russell,2488,1.6422442244224422,1515,84,164.22442244224422
AF Milne,23,0.7419354838709677,31,5,74.19354838709677
AG Murtaza,10,0.7142857142857143,14,1,71.42857142857143
AG Paunikar,49,0.8032786885245902,61,5,80.32786885245902
AJ Finch,2092,1.2334905660377358,1696,84,123.34905660377358
AJ Hosein,16,1.4545454545454546,11,0,145.45454545454547
AJ Turner,24,0.7741935483870968,31,5,77.41935483870968
AJ Tye,91,1.1518987341772151,79,8,115.18987341772151
AK Markram,995,1.264294790343075,787,33,126.4294790343075
AL Menaria,401,1.0926430517711172,367,22,109.26430517711172
AM Nayar,672,1.1428571428571428,588,39,114.28571428571428
AM Rahane,4642,1.2032141005702437,3858,156,120.32141005702437
AN Ahmed,36,1.3333333333333333,27,1,133.33333333333331
AN Ghosh,7,0.875,8,2,87.5
AP Dole,34,1.4782608695652173,23,2,147.82608695652172
AP Majumdar,87,1.12987012987013,77,4,112.98701298701299
AP Tare,339,1.1894736842105262,285,24,118.94736842105263
AR Bawne,12,1,12,0,100
AR Patel,1653,1.2541729893778453,1318,78,125.41729893778452
AS Joseph,27,0.84375,32,1,84.375
AS Rajpoot,26,0.6341463414634146,41,4,63.41463414634146
AS Raut,194,1.127906976744186,172,11,112.79069767441861
AS Roy,26,1.0833333333333333,24,3,108.33333333333333
AS Yadav,49,1.225,40,7,122.50000000000001
AT Carey,32,1.103448275862069,29,2,110.34482758620689
AT Rayudu,4348,1.2458452722063038,3490,152,124.58452722063038
AU Rashid,22,1.2941176470588236,17,2,129.41176470588235
AUK Pathan,39,1.5,26,5,150
Abdul Basith,1,1,1,0,100
Abdul Samad,579,1.4191176470588236,408,32,141.91176470588235
Abdur Razzak,0,0,2,0,0
Abhishek Sharma,1377,1.4886486486486485,925,55,148.86486486486484
Abishek Porel,360,1.4754098360655739,244,16,147.54098360655738
Akash Deep,19,1.5833333333333333,12,2,158.33333333333331
Akash Madhwal,4,0.8,5,0,80
Aman Hakim Khan,115,1.055045871559633,109,9,105.50458715596329
Anirudh Singh,63,0.9130434782608695,69,4,91.30434782608695
Ankit Sharma,87,1.2608695652173914,69,7,126.08695652173914
Ankit Soni,7,0.7777777777777778,9,2,77.77777777777779
Anmolpreet Singh,139,1.188034188034188,117,9,118.80341880341881
Anuj Rawat,318,1.1521739130434783,276,14,115.21739130434783
Anureet Singh,36,0.7659574468085106,47,4,76.59574468085107
Arjun Tendulkar,13,1.4444444444444444,9,1,144.44444444444443
Arshad Khan,96,1.4328358208955223,67,4,143.28358208955223
Arshad Khan (2),5,1.25,4,1,125
Arshdeep Singh,29,0.6904761904761905,42,5,69.04761904761905
Ashutosh Sharma,189,1.6016949152542372,118,8,160.16949152542372
Atharva Taide,247,1.3954802259887005,177,8,139.54802259887003
Avesh Khan,41,1.64,25,1,164
Azhar Mahmood,388,1.247588424437299,311,19,124.7588424437299
Azmatullah Omarzai,42,1.2352941176470589,34,4,123.52941176470588
B Akhil,76,1.3333333333333333,57,7,133.33333333333331
B Chipli,280,1.09375,256,16,109.375
B Indrajith,21,0.6774193548387096,31,3,67.74193548387096
B Kumar,306,0.9053254437869822,338,34,90.53254437869822
B Laughlin,5,0.38461538461538464,13,2,38.46153846153847
B Lee,124,1.2156862745098038,102,10,121.56862745098039
B Sai Sudharsan,1034,1.3428571428571427,770,21,134.28571428571428
B Stanlake,5,2.5,2,0,250
B Sumanth,35,0.9210526315789473,38,1,92.10526315789474
BA Bhatt,6,0.8571428571428571,7,0,85.71428571428571
BA Stokes,935,1.3022284122562675,718,41,130.22284122562675
BAW Mendis,3,0.5,6,2,50
BB McCullum,2882,1.2684859154929577,2272,106,126.84859154929578
BB Samantray,125,1.0775862068965518,116,5,107.75862068965519
BB Sran,10,0.7142857142857143,14,1,71.42857142857143
BCJ Cutting,238,1.63013698630137,146,11,163.013698630137
BE Hendricks,1,0.3333333333333333,3,1,33.33333333333333
BJ Haddin,18,1.6363636363636365,11,1,163.63636363636365
BJ Hodge,1400,1.2142237640936686,1153,46,121.42237640936686
BJ Rohrer,193,1.321917808219178,146,7,132.1917808219178
BMAJ Mendis,23,0.8518518518518519,27,3,85.18518518518519
BR Dunk,40,1.1111111111111112,36,3,111.11111111111111
BR Sharath,2,0.4,5,1,40
Basil Thampi,32,0.8648648648648649,37,2,86.48648648648648
Bipul Sharma,187,1.5080645161290323,124,6,150.80645161290323
C Green,707,1.4978813559322033,472,20,149.78813559322032
C Madan,15,0.7142857142857143,21,1,71.42857142857143
C Munro,177,1.2291666666666667,144,9,122.91666666666667
C Nanda,0,0,1,1,0
C Sakariya,20,0.6451612903225806,31,5,64.51612903225806
C de Grandhomme,303,1.3231441048034935,229,15,132.31441048034935
CA Ingram,205,1.1202185792349726,183,12,112.02185792349727
CA Lynn,1329,1.364476386036961,974,39,136.4476386036961
CA Pujara,390,0.967741935483871,403,18,96.7741935483871
CH Gayle,4997,1.421217292377702,3516,128,142.1217292377702
CH Morris,618,1.4963680387409202,413,29,149.636803874092
CJ Anderson,538,1.2339449541284404,436,22,123.39449541284404
CJ Ferguson,98,0.8235294117647058,119,6,82.35294117647058
CJ Jordan,81,1,81,9,100
CJ McKay,8,0.5333333333333333,15,1,53.333333333333336
CK Kapugedera,16,0.6666666666666666,24,3,66.66666666666666
CK Langeveldt,8,0.8888888888888888,9,2,88.88888888888889
CL White,971,1.2545219638242895,774,35,125.45219638242895
CM Gautam,169,1.0696202531645569,158,9,106.9620253164557
CR Brathwaite,181,1.5083333333333333,120,14,150.83333333333334
CR Woakes,78,1.0129870129870129,77,5,101.29870129870129
CRD Fernando,4,1.3333333333333333,3,1,133.33333333333331
CV Varun,25,0.5102040816326531,49,2,51.02040816326531
D Brevis,230,1.3068181818181819,176,10,130.6818181818182
D Ferreira,8,0.7272727272727273,11,2,72.72727272727273
D Kalyankrishna,3,0.375,8,1,37.5
D Padikkal,1559,1.1783824640967497,1323,63,117.83824640967498
D Pretorius,44,1.5714285714285714,28,4,157.14285714285714
D Salunkhe,33,1.375,24,1,137.5
D Wiese,148,1.4095238095238096,105,6,140.95238095238096
D du Preez,10,0.7692307692307693,13,1,76.92307692307693
DA Miller,2924,1.3468447719944725,2171,84,134.68447719944726
DA Warner,6567,1.3542998556403383,4849,164,135.4299855640338
DAJ Bracewell,12,1.3333333333333333,9,0,133.33333333333331
DB Das,304,1.1385767790262171,267,12,113.85767790262172
DB Ravi Teja,375,1.1538461538461537,325,20,115.38461538461537
DE Bollinger,21,0.9130434782608695,23,1,91.30434782608695
DG Nalkande,12,1,12,2,100
DH Yagnik,170,1.1971830985915493,142,9,119.71830985915493
DJ Bravo,1560,1.2510024057738574,1247,69,125.10024057738573
DJ Harris,111,1.0776699029126213,103,3,107.76699029126213
DJ Hooda,1466,1.252991452991453,1170,77,125.2991452991453
DJ Hussey,1322,1.2007266121707538,1101,49,120.07266121707538
DJ Jacobs,92,0.9108910891089109,101,7,91.0891089108911
DJ Malan,26,1,26,1,100
DJ Mitchell,351,1.281021897810219,274,13,128.1021897810219
DJ Muthuswami,1,0.3333333333333333,3,1,33.33333333333333
DJ Thornely,39,0.7222222222222222,54,3,72.22222222222221
DJ Willey,53,0.828125,64,3,82.8125
DJG Sammy,295,1.1752988047808766,251,15,117.52988047808766
DJM Short,115,1.1274509803921569,102,7,112.74509803921569
DL Chahar,80,1.3114754098360655,61,7,131.14754098360655
DL Vettori,121,1.0254237288135593,118,7,102.54237288135593
DM Bravo,6,1.2,5,0,120
DNT Zoysa,11,1.2222222222222223,9,1,122.22222222222223
DP Conway,924,1.3811659192825112,669,20,138.11659192825113
DP Nannes,4,0.3076923076923077,13,1,30.76923076923077
DP Vijaykumar,1,1,1,0,100
DPMD Jayawardene,1808,1.187910643889619,1522,64,118.7910643889619
DR Martyn,19,0.7307692307692307,26,2,73.07692307692307
DR Sams,44,0.9166666666666666,48,10,91.66666666666666
DR Shorey,13,0.65,20,2,65
DR Smith,2385,1.3227953410981697,1803,81,132.27953410981698
DS Kulkarni,104,0.9203539823008849,113,9,92.03539823008849
DS Lehmann,18,0.9473684210526315,19,2,94.73684210526315
DT Christian,460,1.1274509803921569,408,28,112.74509803921569
DT Patil,13,1,13,1,100
DW Steyn,167,1.0245398773006136,163,22,102.45398773006136
Dhruv Jurel,347,1.4641350210970465,237,13,146.41350210970467
E Lewis,654,1.31062124248497,499,24,131.06212424849699
EJG Morgan,1406,1.1905165114309906,1181,61,119.05165114309906
ER Dwivedi,24,1.6,15,2,160
F Behardien,14,1.0769230769230769,13,2,107.6923076923077
F du Plessis,4571,1.3307132459970887,3435,125,133.07132459970887
FA Allen,14,0.7368421052631579,19,2,73.68421052631578
FH Edwards,4,0.8,5,1,80
FY Fazal,183,1.0223463687150838,179,9,102.23463687150837
Fazalhaq Farooqi,3,0.23076923076923078,13,0,23.076923076923077
G Coetzee,14,0.6363636363636364,22,4,63.63636363636363
G Gambhir,4217,1.1966515323496028,3524,135,119.66515323496027
GB Hogg,22,1,22,2,100
GC Smith,739,1.069464544138929,691,30,106.9464544138929
GC Viljoen,3,0.42857142857142855,7,2,42.857142857142854
GD McGrath,4,0.8,5,1,80
GD Phillips,65,1.1818181818181819,55,7,118.18181818181819
GH Vihari,284,0.8580060422960725,331,20,85.80060422960725
GHS Garton,2,0.5,4,1,50
GJ Bailey,663,1.201086956521739,552,29,120.1086956521739
GJ Maxwell,2772,1.504885993485342,1842,111,150.4885993485342
GR Napier,15,0.9375,16,1,93.75
Gulbadin Naib,19,1.2666666666666666,15,1,126.66666666666666
Gurkeerat Singh,511,1.1720183486238531,436,27,117.20183486238531
H Das,2,0.4,5,1,40
H Klaasen,993,1.6199021207177815,613,26,161.99021207177816
HC Brook,190,1.1949685534591195,159,9,119.49685534591194
HE van der Dussen,22,0.88,25,2,88
HF Gurney,1,0.2,5,0,20
HH Gibbs,886,1.058542413381123,837,32,105.8542413381123
HH Pandya,2534,1.3969128996692393,1814,89,139.69128996692393
HM Amla,577,1.3803827751196172,418,13,138.03827751196172
HR Shokeen,66,0.9850746268656716,67,3,98.50746268656717
HV Patel,249,1.1635514018691588,214,26,116.35514018691589
Harbhajan Singh,833,1.309748427672956,636,56,130.9748427672956
Harmeet Singh,18,1.5,12,2,150
Harpreet Brar,233,1.1592039800995024,201,12,115.92039800995025
Harpreet Singh,123,1.0336134453781514,119,6,103.36134453781514
Harshit Rana,2,0.6666666666666666,3,2,66.66666666666666
I Malhotra,7,1.75,4,0,175
I Sharma,57,0.8028169014084507,71,7,80.28169014084507
I Udana,15,1.3636363636363635,11,3,136.36363636363635
IC Pandey,0,0,2,1,0
IK Pathan,1150,1.16751269035533,985,53,116.75126903553299
IR Jaggi,76,0.76,100,5,76
IS Sodhi,7,0.3888888888888889,18,2,38.88888888888889
Imran Tahir,33,0.8918918918918919,37,4,89.1891891891892
Iqbal Abdulla,88,1.0232558139534884,86,1,102.32558139534885
Ishan Kishan,2644,1.3279758915118032,1991,91,132.79758915118032
J Arunkumar,23,0.9583333333333334,24,3,95.83333333333334
J Botha,409,1.1236263736263736,364,22,112.36263736263736
J Fraser-McGurk,330,2.2,150,8,220.00000000000003
J Suchith,70,1.1290322580645162,62,4,112.90322580645163
J Syed Mohammad,29,1.0740740740740742,27,2,107.40740740740742
J Theron,10,0.7692307692307693,13,2,76.92307692307693
J Yadav,40,1.0526315789473684,38,2,105.26315789473684
JA Morkel,975,1.3693820224719102,712,40,136.93820224719101
JA Richardson,17,0.6296296296296297,27,3,62.96296296296296
JC Archer,199,1.5075757575757576,132,13,150.75757575757575
JC Buttler,3583,1.4223898372369987,2519,96,142.23898372369987
JD Ryder,604,1.296137339055794,466,29,129.6137339055794
JD Unadkat,197,1.1588235294117648,170,14,115.88235294117648
JDP Oram,106,0.9636363636363636,110,8,96.36363636363636
JDS Neesham,92,0.989247311827957,93,8,98.9247311827957
JE Root,10,0.6666666666666666,15,1,66.66666666666666
JE Taylor,3,0.75,4,0,75
JEC Franklin,327,1.058252427184466,309,11,105.8252427184466
JH Kallis,2427,1.0593627237014405,2291,89,105.93627237014405
JJ Bumrah,68,0.85,80,8,85
JJ Roy,614,1.3347826086956522,460,19,133.47826086956522
JJ van der Wath,18,1.0588235294117647,17,2,105.88235294117648
JL Denly,0,0,1,1,0
JL Pattinson,15,1.1538461538461537,13,1,115.38461538461537
JM Bairstow,1589,1.4037102473498233,1132,48,140.37102473498234
JM Kemp,26,1.04,25,2,104
JM Sharma,730,1.4570858283433135,501,32,145.70858283433134
JO Holder,259,1.1935483870967742,217,21,119.35483870967742
JP Behrendorff,6,0.6666666666666666,9,0,66.66666666666666
JP Duminy,2029,1.2077380952380952,1680,49,120.77380952380952
JP Faulkner,527,1.2980295566502462,406,28,129.80295566502463
JPR Scantlebury-Searles,8,1.3333333333333333,6,1,133.33333333333331
JR Hazlewood,19,0.6551724137931034,29,0,65.51724137931035
JR Hopes,417,1.3280254777070064,314,17,132.80254777070064
JR Philippe,78,0.975,80,4,97.5
Jaskaran Singh,8,0.7272727272727273,11,2,72.72727272727273
Joginder Sharma,36,1.2,30,4,120
K Goel,218,0.9121338912133892,239,14,91.21338912133892
K Gowtham,247,1.5534591194968554,159,18,155.34591194968556
K Kartikeya,9,0.6923076923076923,13,2,69.23076923076923
K Rabada,206,0.9951690821256038,207,16,99.51690821256038
K Upadhyay,12,1.3333333333333333,9,0,133.33333333333331
K Yadav,0,0,4,0,0
KA Jamieson,65,1.1818181818181819,55,3,118.18181818181819
KA Maharaj,1,0.5,2,1,50
KA Pollard,3437,1.4045770331017573,2447,129,140.45770331017573
KAJ Roach,10,1.1111111111111112,9,1,111.11111111111111
KB Arun Karthik,51,0.9622641509433962,53,5,96.22641509433963
KC Cariappa,24,1.1428571428571428,21,3,114.28571428571428
KC Sangakkara,1687,1.184691011235955,1424,69,118.4691011235955
KD Karthik,4843,1.3135340385136969,3687,189,131.35340385136968
KH Pandya,1647,1.2797202797202798,1287,74,127.97202797202797
KJ Abbott,13,1.625,8,1,162.5
KK Ahmed,1,0.14285714285714285,7,5,14.285714285714285
KK Cooper,116,1.6571428571428573,70,9,165.71428571428572
KK Nair,1496,1.25503355704698,1192,65,125.503355704698
KL Nagarkoti,22,0.6470588235294118,34,4,64.70588235294117
KL Rahul,4689,1.310508664058133,3578,106,131.05086640581328
KM Asif,0,0,2,1,0
KM Jadhav,1208,1.1936758893280632,1012,54,119.36758893280633
KMA Paul,18,0.6923076923076923,26,4,69.23076923076923
KMDN Kulasekara,5,1.6666666666666667,3,0,166.66666666666669
KP Appanna,2,0.5,4,1,50
KP Pietersen,1001,1.3205804749340369,758,29,132.05804749340368
KR Mayers,379,1.3731884057971016,276,13,137.31884057971016
KR Sen,0,0,3,0,0
KS Bharat,199,1.1845238095238095,168,7,118.45238095238095
KS Sharma,16,0.64,25,3,64
KS Williamson,2132,1.2295271049596308,1734,59,122.95271049596307
KV Sharma,351,1.1470588235294117,306,25,114.70588235294117
KW Richardson,36,0.9230769230769231,39,3,92.3076923076923
Kamran Akmal,128,1.641025641025641,78,4,164.1025641025641
Kamran Khan,3,0.6,5,1,60
Karanveer Singh,12,0.7058823529411765,17,1,70.58823529411765
Kartik Tyagi,13,0.8125,16,4,81.25
Kuldeep Yadav,183,0.8169642857142857,224,10,81.69642857142857
Kumar Kushagra,3,0.42857142857142855,7,3,42.857142857142854
L Ablish,0,0,2,0,0
L Balaji,36,0.72,50,7,72
L Ronchi,34,0.918918918918919,37,3,91.8918918918919
L Wood,9,3,3,0,300
LA Carseldine,81,1.1408450704225352,71,3,114.08450704225352
LA Pomersbach,302,1.203187250996016,251,11,120.3187250996016
LB Williams,1,0.5,2,0,50
LE Plunkett,1,0.3333333333333333,3,1,33.33333333333333
LH Ferguson,68,1.4166666666666667,48,4,141.66666666666669
LJ Wright,106,1.6825396825396826,63,4,168.25396825396825
LMP Simmons,1079,1.2289293849658314,878,27,122.89293849658314
LPC Silva,40,1.4814814814814814,27,2,148.14814814814815
LR Shukla,405,1.1312849162011174,358,29,113.12849162011173
LRPL Taylor,1017,1.2007083825265643,847,41,120.07083825265643
LS Livingstone,939,1.541871921182266,609,33,154.1871921182266
Lalit Yadav,305,1.0132890365448506,301,15,101.32890365448506
Liton Das,4,1,4,1,100
M Ashwin,35,0.7,50,8,70
M Jansen,66,0.9295774647887324,71,8,92.95774647887323
M Kaif,259,1.003875968992248,258,16,100.3875968992248
M Kartik,113,1.036697247706422,109,7,103.6697247706422
M Klinger,73,0.9358974358974359,78,4,93.58974358974359
M Manhas,514,1.0576131687242798,486,24,105.76131687242798
M Markande,48,1.0909090909090908,44,3,109.09090909090908
M Morkel,126,1.3548387096774193,93,11,135.48387096774192
M Muralitharan,20,0.6666666666666666,30,6,66.66666666666666
M Ntini,11,0.5789473684210527,19,1,57.89473684210527
M Prasidh Krishna,9,0.375,24,2,37.5
M Rawat,55,0.7857142857142857,70,5,78.57142857142857
M Shahrukh Khan,553,1.3389830508474576,413,25,133.89830508474577
M Theekshana,7,1,7,1,100
M Vijay,2619,1.1861413043478262,2208,97,118.61413043478262
M Vohra,1083,1.2549246813441484,863,48,125.49246813441484
M de Lange,1,0.5,2,1,50
MA Agarwal,2669,1.2825564632388275,2081,116,128.25564632388276
MA Khote,24,1.0909090909090908,22,2,109.09090909090908
MA Starc,105,0.963302752293578,109,8,96.3302752293578
MA Wood,12,1.2,10,2,120
MC Henriques,1000,1.2484394506866416,801,38,124.84394506866417
MC Juneja,125,0.9328358208955224,134,7,93.28358208955224
MD Mishra,237,1.1126760563380282,213,15,111.26760563380283
MD Shanaka,26,1,26,2,100
MDKJ Perera,14,1.0769230769230769,13,2,107.6923076923077
MEK Hussey,1977,1.1996359223300972,1648,52,119.96359223300972
MF Maharoof,177,1.4274193548387097,124,10,142.74193548387098
MG Bracewell,58,1.183673469387755,49,2,118.36734693877551
MG Johnson,167,0.9940476190476191,168,14,99.40476190476191
MJ Clarke,98,1.0208333333333333,96,6,102.08333333333333
MJ Guptill,271,1.3756345177664975,197,12,137.56345177664974
MJ Lumb,278,1.404040404040404,198,10,140.4040404040404
MJ McClenaghan,85,1.1643835616438356,73,11,116.43835616438356
MJ Santner,70,0.9090909090909091,77,6,90.9090909090909
MJ Suthar,1,0.5,2,1,50
MK Lomror,527,1.3547557840616966,389,30,135.47557840616966
MK Pandey,3859,1.173661800486618,3288,133,117.36618004866179
MK Tiwary,1695,1.1383478844862325,1489,61,113.83478844862324
ML Hayden,1107,1.3194278903456496,839,28,131.94278903456495
MM Ali,1162,1.3686690223792697,849,49,136.86690223792698
MM Patel,39,0.9512195121951219,41,5,95.1219512195122
MM Sharma,124,0.9051094890510949,137,16,90.51094890510949
MN Samuels,161,0.9252873563218391,174,12,92.52873563218391
MN van Wyk,167,1.237037037037037,135,3,123.7037037037037
MP Stoinis,1866,1.3660322108345535,1366,67,136.60322108345534
MR Marsh,665,1.25,532,32,125
MS Bisla,798,1.0827679782903663,737,37,108.27679782903662
MS Dhoni,5243,1.328350646060299,3947,149,132.8350646060299
MS Gony,99,1.3026315789473684,76,9,130.26315789473685
MS Wade,183,0.9891891891891892,185,13,98.91891891891892
MV Boucher,394,1.2389937106918238,318,15,123.89937106918238
MW Short,117,1.1818181818181819,99,6,118.18181818181819
Mandeep Singh,1706,1.2031029619181945,1418,85,120.31029619181946
Mashrafe Mortaza,2,1,2,0,100
Mayank Dagar,0,0,1,0,0
Misbah-ul-Haq,117,1.4268292682926829,82,9,142.6829268292683
Mohammad Ashraful,2,0.16666666666666666,12,1,16.666666666666664
Mohammad Asif,3,0.5,6,2,50
Mohammad Hafeez,64,0.7619047619047619,84,8,76.19047619047619
Mohammad Nabi,221,1.4076433121019107,157,17,140.76433121019107
Mohammed Shami,74,0.9024390243902439,82,13,90.2439024390244
Mohammed Siraj,109,0.8934426229508197,122,10,89.34426229508196
Mohit Rathee,1,0.5,2,0,50
Mohsin Khan,25,0.9259259259259259,27,2,92.5925925925926
Mujeeb Ur Rahman,12,0.8,15,3,80
Mukesh Choudhary,6,1,6,0,100
Mukesh Kumar,10,0.5,20,1,50
Mustafizur Rahman,13,0.5652173913043478,23,1,56.52173913043478
N Jagadeesan,162,1.0451612903225806,155,9,104.51612903225806
N Pooran,1769,1.547681539807524,1143,56,154.7681539807524
N Rana,2636,1.3081885856079405,2015,94,130.81885856079404
N Saini,140,0.9790209790209791,143,11,97.9020979020979
N Wadhera,350,1.3409961685823755,261,15,134.09961685823754
ND Doshi,0,0,13,1,0
NJ Maddinson,20,0.9523809523809523,21,3,95.23809523809523
NJ Rimmington,1,1,1,0,100
NK Patel,121,0.9758064516129032,124,5,97.58064516129032
NL McCullum,26,1.1304347826086956,23,3,113.04347826086956
NLTC Perera,424,1.3006134969325154,326,24,130.06134969325154
NM Coulter-Nile,82,1.0933333333333333,75,10,109.33333333333333
NS Naik,31,0.5849056603773585,53,4,58.490566037735846
NT Ellis,19,0.7307692307692307,26,4,73.07692307692307
NV Ojha,1554,1.1426470588235293,1360,74,114.26470588235293
Naman Dhir,140,1.6666666666666667,84,6,166.66666666666669
Navdeep Saini,33,0.868421052631579,38,4,86.8421052631579
Naveen-ul-Haq,18,0.6923076923076923,26,2,69.23076923076923
Nithish Kumar Reddy,303,1.3710407239819005,221,9,137.10407239819006
Noor Ahmad,13,0.7222222222222222,18,4,72.22222222222221
OA Shah,506,1.2493827160493827,405,13,124.93827160493827
OC McCoy,8,1.6,5,0,160
OF Smith,51,1.02,50,3,102
P Awana,5,0.35714285714285715,14,3,35.714285714285715
P Chopra,8,1.3333333333333333,6,1,133.33333333333331
P Dogra,127,0.900709219858156,141,12,90.0709219858156
P Dubey,23,0.696969696969697,33,1,69.6969696969697
P Kumar,340,1.0526315789473684,323,34,105.26315789473684
P Negi,365,1.212624584717608,301,26,121.26245847176081
P Parameswaran,1,0.3333333333333333,3,0,33.33333333333333
P Ray Barman,19,0.76,25,1,76
P Sahu,19,1.4615384615384615,13,0,146.15384615384613
P Simran Singh,756,1.4318181818181819,528,35,143.1818181818182
PA Patel,2848,1.1662571662571664,2442,127,116.62571662571663
PA Reddy,164,0.9820359281437125,167,10,98.20359281437125
PBB Rajapaksa,277,1.3781094527363185,201,12,137.81094527363186
PC Valthaty,505,1.1689814814814814,432,22,116.89814814814814
PD Collingwood,203,1.2767295597484276,159,4,127.67295597484276
PD Salt,653,1.6961038961038961,385,20,169.6103896103896
PJ Cummins,515,1.434540389972145,359,29,143.4540389972145
PJ Sangwan,26,0.5531914893617021,47,8,55.319148936170215
PK Garg,273,1.105263157894737,247,19,110.5263157894737
PM Sarvesh Kumar,1,0.5,2,0,50
PN Mankad,97,1.2933333333333332,75,3,129.33333333333331
PP Chawla,624,1.0758620689655172,580,57,107.58620689655172
PP Ojha,16,0.35555555555555557,45,10,35.55555555555556
PP Shaw,1892,1.4322482967448902,1321,77,143.22482967448903
PR Shah,92,0.9484536082474226,97,8,94.84536082474226
PSP Handscomb,6,0.5,12,1,50
PV Tambe,18,0.46153846153846156,39,1,46.15384615384615
PVD Chameera,43,1.34375,32,3,134.375
PWH de Silva,72,0.9,80,11,90
Pankaj Singh,7,0.5833333333333334,12,2,58.333333333333336
Parvez Rasool,17,0.85,20,2,85
Q de Kock,3160,1.3112033195020747,2410,101,131.12033195020746
R Ashwin,800,1.146131805157593,698,59,114.61318051575931
R Bhatia,342,1.1793103448275861,290,29,117.9310344827586
R Bishnoi,19,1.1176470588235294,17,3,111.76470588235294
R Dhawan,210,1.1170212765957446,188,10,111.70212765957446
R Dravid,2174,1.1334723670490094,1918,77,113.34723670490095
R McLaren,159,0.8932584269662921,178,8,89.32584269662921
R Ninan,3,0.5,6,1,50
R Parag,1173,1.2904290429042904,909,47,129.04290429042905
R Powell,360,1.4173228346456692,254,20,141.73228346456693
R Rampaul,51,0.9807692307692307,52,5,98.07692307692307
R Ravindra,222,1.5205479452054795,146,9,152.05479452054794
R Sai Kishore,13,2.1666666666666665,6,1,216.66666666666666
R Sanjay Yadav,0,0,2,1,0
R Sathish,270,1.1440677966101696,236,16,114.40677966101696
R Sharma,66,0.8571428571428571,77,11,85.71428571428571
R Shepherd,115,1.6911764705882353,68,6,169.11764705882354
R Shukla,19,0.8260869565217391,23,2,82.6086956521739
R Tewatia,1013,1.2855329949238579,788,43,128.55329949238578
R Vinay Kumar,310,1.0726643598615917,289,26,107.26643598615917
RA Bawa,11,0.7857142857142857,14,2,78.57142857142857
RA Jadeja,2959,1.244322960470984,2378,114,124.4322960470984
RA Tripathi,2236,1.3551515151515152,1650,81,135.51515151515153
RD Chahar,129,1.015748031496063,127,16,101.5748031496063
RD Gaikwad,2380,1.3363279056709714,1781,56,133.63279056709715
RE Levi,83,1.1216216216216217,74,6,112.16216216216218
RE van der Merwe,159,1.1041666666666667,144,12,110.41666666666667
RG More,2,1,2,0,100
RG Sharma,6630,1.2791819409608336,5183,232,127.91819409608335
RJ Gleeson,2,1,2,0,100
RJ Harris,117,1.0446428571428572,112,12,104.46428571428572
RJ Peterson,32,1,32,3,100
RJ Quiney,103,0.9809523809523809,105,7,98.09523809523809
RJW Topley,3,0.5,6,0,50
RK Bhui,10,0.37037037037037035,27,4,37.03703703703704
RK Singh,893,1.3654434250764527,654,29,136.54434250764527
RM Patidar,799,1.49625468164794,534,24,149.625468164794
RN ten Doeschate,326,1.3697478991596639,238,17,136.9747899159664
RP Meredith,0,0,3,1,0
RP Singh,52,0.6666666666666666,78,15,66.66666666666666
RR Bhatkal,0,0,2,2,0
RR Pant,3297,1.4359756097560976,2296,96,143.59756097560975
RR Powar,67,1.046875,64,3,104.6875
RR Raje,20,1.1111111111111112,18,1,111.11111111111111
RR Rossouw,473,1.4735202492211839,321,21,147.35202492211837
RR Sarwan,73,0.9358974358974359,78,3,93.58974358974359
RS Bopara,531,1.1346153846153846,468,19,113.46153846153845
RS Gavaskar,2,0.25,8,1,25
RS Sodhi,4,2,2,0,200
RT Ponting,91,0.7054263565891473,129,8,70.54263565891473
RV Gomez,50,0.9433962264150944,53,7,94.33962264150944
RV Patel,80,1.0526315789473684,76,5,105.26315789473684
RV Uthappa,4954,1.2615227909345557,3927,184,126.15227909345556
Rahmanullah Gurbaz,289,1.2675438596491229,228,13,126.75438596491229
Ramandeep Singh,170,1.6037735849056605,106,6,160.37735849056605
Rashid Khan,545,1.5352112676056338,355,37,153.52112676056336
Rasikh Salam,40,1,40,5,100
Ravi Bishnoi,32,0.6153846153846154,52,7,61.53846153846154
S Anirudha,136,1.1239669421487604,121,8,112.39669421487604
S Aravind,59,1,59,3,100
S Badree,13,0.52,25,5,52
S Badrinath,1441,1.157429718875502,1245,48,115.74297188755021
S Chanderpaul,25,0.7575757575757576,33,3,75.75757575757575
S Dhawan,6769,1.2345431333211745,5483,194,123.45431333211745
S Dube,1502,1.3946146703806872,1077,50,139.46146703806872
S Gopal,180,1.0404624277456647,173,13,104.04624277456647
S Kaul,20,0.5555555555555556,36,3,55.55555555555556
S Kaushik,0,0,1,1,0
S Ladda,0,0,10,2,0
S Lamichhane,0,0,1,1,0
S Nadeem,39,0.4431818181818182,88,16,44.31818181818182
S Narwal,37,1.2758620689655173,29,4,127.58620689655173
S Rana,91,1.1097560975609757,82,5,110.97560975609757
S Randiv,2,0.5,4,1,50
S Sohal,368,1.1832797427652733,311,18,118.32797427652733
S Sreesanth,34,0.5964912280701754,57,3,59.64912280701754
S Sriram,31,0.8157894736842105,38,2,81.57894736842105
S Tyagi,3,0.75,4,0,75
S Vidyut,145,1.2608695652173914,115,8,126.08695652173914
SA Abbott,22,1.2222222222222223,18,2,122.22222222222223
SA Asnodkar,423,1.2017045454545454,352,19,120.17045454545455
SA Yadav,3594,1.4250594766058684,2522,112,142.50594766058683
SB Bangar,49,0.8448275862068966,58,6,84.48275862068965
SB Dubey,33,1.5714285714285714,21,2,157.14285714285714
SB Jakati,28,0.9333333333333333,30,2,93.33333333333333
SB Joshi,6,0.375,16,2,37.5
SB Styris,131,0.9776119402985075,134,7,97.76119402985076
SB Wagh,2,0.6666666666666666,3,2,66.66666666666666
SC Ganguly,1349,1.0173453996983408,1326,54,101.73453996983409
SD Chitnis,99,1.076086956521739,92,7,107.6086956521739
SD Hope,183,1.464,125,8,146.4
SD Lad,15,1.1538461538461537,13,1,115.38461538461537
SE Bond,1,0.5,2,1,50
SE Marsh,2489,1.3010977522216414,1913,65,130.10977522216413
SE Rutherford,106,0.9906542056074766,107,7,99.06542056074767
SH Johnson,6,0.8571428571428571,7,0,85.71428571428571
SJ Srivastava,5,1,5,1,100
SK Raina,5536,1.3253531242518555,4177,168,132.53531242518554
SK Trivedi,42,0.6885245901639344,61,8,68.85245901639344
SK Warne,198,0.9041095890410958,219,19,90.41095890410958
SL Malinga,88,0.8543689320388349,103,12,85.43689320388349
SM Curran,883,1.312035661218425,673,36,131.2035661218425
SM Harwood,9,0.6428571428571429,14,0,64.28571428571429
SM Katich,241,1.2617801047120418,191,10,126.17801047120419
SM Pollock,147,1.2672413793103448,116,8,126.72413793103448
SMSM Senanayake,10,0.5882352941176471,17,1,58.82352941176471
SN Khan,585,1.2828947368421053,456,29,128.28947368421052
SN Thakur,307,1.3464912280701755,228,23,134.64912280701756
SO Hetmyer,1243,1.455503512880562,854,40,145.5503512880562
SP Fleming,196,1.1461988304093567,171,9,114.61988304093566
SP Goswami,293,0.9543973941368078,307,20,95.43973941368078
SP Jackson,61,1.0701754385964912,57,6,107.01754385964912
SP Narine,1534,1.5589430894308942,984,84,155.8943089430894
SPD Smith,2495,1.2481240620310154,1999,78,124.81240620310155
SR Tendulkar,2334,1.1418786692759295,2044,71,114.18786692759295
SR Watson,3880,1.3416320885200552,2892,126,134.1632088520055
SS Cottrell,0,0,2,1,0
SS Iyer,3131,1.230255402750491,2545,102,123.02554027504911
SS Prabhudessai,126,1.1150442477876106,113,9,111.50442477876106
SS Shaikh,6,0.8571428571428571,7,0,85.71428571428571
SS Tiwary,1494,1.1572424477149497,1291,50,115.72424477149497
ST Jayasuriya,768,1.3403141361256545,573,29,134.03141361256544
STR Binny,880,1.2571428571428571,700,44,125.71428571428571
SV Samson,4419,1.3513761467889909,3270,142,135.1376146788991
SW Billings,503,1.2606516290726817,399,26,126.06516290726817
SW Tait,23,0.8846153846153846,26,3,88.46153846153845
SZ Mulani,1,1,1,0,100
Sachin Baby,144,1.170731707317073,123,10,117.07317073170731
Salman Butt,193,1.122093023255814,172,7,112.20930232558139
Sameer Rizvi,51,1.186046511627907,43,4,118.6046511627907
Sandeep Sharma,54,0.7397260273972602,73,5,73.97260273972603
Sanvir Singh,25,1.1363636363636365,22,2,113.63636363636364
Saurav Chauhan,18,1.125,16,3,112.5
Shahbaz Ahmed,536,1.1477516059957173,467,29,114.77516059957173
Shahid Afridi,81,1.7608695652173914,46,8,176.08695652173913
Shakib Al Hasan,795,1.1954887218045114,665,40,119.54887218045114
Shashank Singh,423,1.5551470588235294,272,11,155.51470588235296
Shivam Mavi,51,0.8793103448275862,58,9,87.93103448275862
Shivam Sharma,5,1.6666666666666667,3,1,166.66666666666669
Shivam Singh,2,0.6666666666666666,3,0,66.66666666666666
Shoaib Ahmed,1,0.16666666666666666,6,2,16.666666666666664
Shoaib Akhtar,2,0.25,8,1,25
Shoaib Malik,52,1.0612244897959184,49,4,106.12244897959184
Shubman Gill,3216,1.3223684210526316,2432,86,132.23684210526315
Sikandar Raza,182,1.2727272727272727,143,7,127.27272727272727
Simarjeet Singh,7,0.875,8,1,87.5
Sohail Tanvir,36,1.1612903225806452,31,3,116.12903225806453
Sumit Kumar,18,0.6923076923076923,26,2,69.23076923076923
Sunny Gupta,0,0,1,1,0
Sunny Singh,43,1.3870967741935485,31,4,138.70967741935485
Swapnil Singh,51,1.108695652173913,46,5,110.86956521739131
T Banton,18,0.8181818181818182,22,2,81.81818181818183
T Henderson,11,0.6875,16,1,68.75
T Kohler-Cadmore,48,0.8888888888888888,54,3,88.88888888888889
T Kohli,11,0.55,20,3,55.00000000000001
T Natarajan,3,0.6,5,0,60
T Shamsi,2,0.5,4,0,50
T Stubbs,405,1.6945606694560669,239,9,169.4560669456067
T Taibu,31,1.1923076923076923,26,3,119.23076923076923
T Thushara,12,0.631578947368421,19,2,63.1578947368421
TA Boult,83,1.0121951219512195,82,7,101.21951219512195
TD Paine,10,0.3448275862068966,29,2,34.48275862068966
TG Southee,120,1.1111111111111112,108,11,111.11111111111111
TH David,659,1.580335731414868,417,23,158.0335731414868
TK Curran,127,1.1759259259259258,108,5,117.59259259259258
TL Seifert,26,1,26,3,100
TL Suman,676,1.151618398637138,587,30,115.1618398637138
TM Dilshan,1153,1.1012416427889207,1047,41,110.12416427889207
TM Head,772,1.685589519650655,458,20,168.5589519650655
TM Srivastava,8,0.7272727272727273,11,1,72.72727272727273
TR Birt,75,1.271186440677966,59,5,127.11864406779661
TS Mills,8,0.5714285714285714,14,4,57.14285714285714
TU Deshpande,21,1.4,15,1,140
Tanush Kotian,24,0.75,32,1,75
Tilak Varma,1156,1.3927710843373493,830,28,139.27710843373492
U Kaul,0,0,1,0,0
UA Birla,7,0.4666666666666667,15,1,46.666666666666664
UBT Chand,300,0.9554140127388535,314,20,95.54140127388536
UT Khawaja,127,1.2095238095238094,105,5,120.95238095238095
UT Yadav,208,0.985781990521327,211,21,98.5781990521327
Umar Gul,39,2.0526315789473686,19,3,205.26315789473685
Umran Malik,23,1.4375,16,1,143.75
V Kohli,8014,1.2851186658114175,6236,218,128.51186658114176
V Pratap Singh,0,0,1,1,0
V Sehwag,2728,1.4882705946535735,1833,98,148.82705946535734
V Shankar,1115,1.252808988764045,890,43,125.2808988764045
V Viyaskanth,7,1.4,5,0,140
VG Arora,9,0.5294117647058824,17,2,52.94117647058824
VH Zol,29,1.1153846153846154,26,2,111.53846153846155
VR Aaron,50,0.684931506849315,73,4,68.4931506849315
VR Iyer,1326,1.326,1000,43,132.6
VRV Singh,4,1.3333333333333333,3,1,133.33333333333331
VS Malik,7,1,7,1,100
VS Yeligati,2,1,2,1,100
VVS Laxman,282,1.040590405904059,271,16,104.0590405904059
VY Mahesh,15,0.5357142857142857,28,2,53.57142857142857
Vijaykumar Vyshak,14,1.0769230769230769,13,2,107.6923076923077
Virat Singh,15,0.5769230769230769,26,3,57.692307692307686
Vishnu Vinod,56,0.9655172413793104,58,6,96.55172413793103
Vivrant Sharma,69,1.4081632653061225,49,1,140.81632653061226
W Jaffer,130,1.0077519379844961,129,7,100.7751937984496
WA Mota,56,0.7368421052631579,76,5,73.68421052631578
WD Parnell,65,0.7558139534883721,86,10,75.5813953488372
WG Jacks,230,1.7293233082706767,133,6,172.93233082706766
WP Saha,2934,1.2390202702702702,2368,121,123.90202702702702
WPUJC Vaas,81,1.1095890410958904,73,7,110.95890410958904
Washington Sundar,378,1.1085043988269794,341,27,110.85043988269794
X Thalaivan Sargunam,10,0.5882352941176471,17,1,58.82352941176471
Y Gnaneswara Rao,19,1.0555555555555556,18,1,105.55555555555556
Y Nagar,285,1.051660516605166,271,15,105.1660516605166
Y Prithvi Raj,0,0,1,0,0
Y Venugopal Rao,985,1.138728323699422,865,42,113.87283236994219
YA Abdulla,0,0,1,0,0
YBK Jaiswal,1607,1.467579908675799,1095,49,146.7579908675799
YK Pathan,3222,1.3804627249357326,2334,111,138.04627249357327
YS Chahal,37,0.4157303370786517,89,6,41.57303370786517
YV Dhull,16,0.6956521739130435,23,3,69.56521739130434
YV Takawale,192,1.0491803278688525,183,8,104.91803278688525
Yash Dayal,0,0,1,1,0
Yashpal Singh,47,0.7014925373134329,67,4,70.1492537313433
Younis Khan,3,0.42857142857142855,7,1,42.857142857142854
Yudhvir Singh,22,1.375,16,4,137.5
Yuvraj Singh,2754,1.2478477571363842,2207,109,124.78477571363842
Z Khan,117,0.8297872340425532,141,15,82.97872340425532
